Dataset,Model,MAE,RMSE,MAPE
BND,LSTM,0.2901009292338546,0.3654322730622912,0.3964054016948664
SPY,LSTM,20.324751804444173,23.725308454915897,3.1838448865762654
TSLA,LSTM,13.928787785830387,17.83201545324288,4.318155152233972
