Dataset,Model,MAE,RMSE,MAPE
TSLA,ARIMA,46.85688792475316,65.7795700219751,13.189403781782072
SPY,ARIMA,32.30948426313095,39.33207994997608,5.030780669762759
BND,ARIMA,1.8235034167861208,2.133244382103637,2.471913846212915
TSLA,LSTM,15.884482281430785,20.4140297136994,4.660197577022772
SPY,LSTM,30.405099043796607,37.06309562542102,4.669140809270562
BND,LSTM,0.2961810550887692,0.3646972123873816,0.4040316648630422
