Dataset,Model,Best Epochs,Best Batch,Validation Loss,MAE,RMSE,MAPE
TSLA,LSTM,50,16,0.0005565655883401632,15.884482281430785,20.4140297136994,4.660197577022772
SPY,LSTM,20,16,0.0003200164355803281,30.405099043796607,37.06309562542102,4.669140809270562
BND,LSTM,30,16,0.0006251265876926482,0.2961810550887692,0.3646972123873816,0.4040316648630422
